Day,Task Area,Task,Done?,Notes
Mon-Fri,GA4,Check Realtime + yesterday users/sessions,,
Mon-Fri,GA4,Note top landing pages (any unusual drop?),,
Mon-Fri,GSC,Check Performance last 7 days (clicks/impressions),,
Mon-Fri,GSC,Scan Indexing/Pages for new errors,,
Mon-Fri,Website,Quick check: homepage contact WhatsApp footer social links,,
Mon-Fri,GBP,Check notifications reviews Q&A messages,,
Mon-Fri,GBP,Reply to new reviews (within 24-48h),,
Mon-Fri,GBP,Reply to Q&A if any,,
Mon-Fri,Social,Check FB + IG comments and DMs,,
Mon-Fri,Social,Respond to enquiries; log leads,,
Mon-Fri,Leads,Log any enquiry in Leads Log tab,,
Mon-Fri,End of day,Add one row to Daily Log tab,,
