Week Starting,Task,Done?,Owner,Notes
2026-09-23,GSC export: top queries + pages (screenshot),,Anand,
2026-09-23,GA4: channels + landing pages (screenshot),,Anand,
2026-09-23,On-page SEO: 1-3 tweaks (meta/internal links),,Anand,
2026-09-23,Competitor check: 2-3 Melbourne/Moorabbin fabricators,,Anand,
2026-09-23,Blogs published (target 2-3/week),,Anand,Count:
2026-09-23,GBP: 1 Google post,,Anand,
2026-09-23,GBP: add 2-5 photos if assets from client,,Anand,
2026-09-23,Social: 2-3 posts scheduled (FB+IG),,Anand,
2026-09-23,Directories/citations: 1-2 NAP updates,,Anand,
2026-09-30,GSC export: top queries + pages (screenshot),,Anand,
2026-09-30,GA4: channels + landing pages (screenshot),,Anand,
