Keyword,Priority,Target URL,Current GSC Position (month),Impressions,Clicks,Notes
sheet metal fabrication Moorabbin,High,/,,
sheet metal fabrication Melbourne,High,/,,
laser cutting Moorabbin,High,/services#laser-cutting,,
laser cutting Melbourne,High,/blog/laser-cutting-melbourne-industrial-applications,,
metal fabrication Melbourne,High,/services,,
powder coating Melbourne,Medium,/services#powder-coating,,
sheet metal bending Melbourne,Medium,/services#sheet-metal-bending,,
custom metal fabrication Melbourne,Medium,/products,,
industrial sheet metal fabrication Victoria,Medium,/industries,,
metal fabricator Moorabbin,High,/,,
