Platform,Field,Exact Value,Last Verified,Match Website?,Notes
Website,Name,Orion Metal Industries Pty Ltd,,Yes,
Website,Address,"1A Bibby Ct, Moorabbin VIC 3189, Australia",,Yes,
Website,Phone,0402 208 011 / +61 402 208 011,,Yes,
Website,URL,https://www.orionmetalindustries.com.au/,,Yes,Canonical www
Website,Email,info@orionmetalindustries.com.au,,Yes,
Google Business Profile,Name,,,,
Google Business Profile,Address,,,,
Google Business Profile,Phone,,,,
Google Business Profile,Website,,,,
Google Business Profile,Maps,https://maps.app.goo.gl/MPaKN8kjunEFjmin8,,,
Google Business Profile,Review link,https://g.page/r/Cfk-DFvV0WpUEAI/review,,Yes,On site Home reviews + Contact + Location
Facebook,Page URL,https://www.facebook.com/people/Orion-Metal-Industries-Pty-Ltd/61594591923757/,,,
Instagram,Profile,https://www.instagram.com/orionmetalindustries/,,,
Search Console,Property,https://www.orionmetalindustries.com.au/,,,
GA4,Measurement ID,G-EWMPY72JQB,,,
